file,lambda_nm,z_um
C:\Users\xxdew\OneDrive\Desktop\научка\Мира 19.06.2024 обработанная\1\-110\tif\1_595.tiff,595,-110.0
C:\Users\xxdew\OneDrive\Desktop\научка\Мира 19.06.2024 обработанная\1\after-110\1_595.tiff,595,-110.0
C:\Users\xxdew\OneDrive\Desktop\научка\Мира 19.06.2024 обработанная\1\-100\tif\1_595.tiff,595,-100.0
C:\Users\xxdew\OneDrive\Desktop\научка\Мира 19.06.2024 обработанная\1\after-100\1_595.tiff,595,-100.0
C:\Users\xxdew\OneDrive\Desktop\научка\Мира 19.06.2024 обработанная\1\-90\tif\1_595.tiff,595,-90.0
C:\Users\xxdew\OneDrive\Desktop\научка\Мира 19.06.2024 обработанная\1\after-90\1_595.tiff,595,-90.0
C:\Users\xxdew\OneDrive\Desktop\научка\Мира 19.06.2024 обработанная\1\-80\tif\1_595.tiff,595,-80.0
C:\Users\xxdew\OneDrive\Desktop\научка\Мира 19.06.2024 обработанная\1\after-80\1_595.tiff,595,-80.0
C:\Users\xxdew\OneDrive\Desktop\научка\Мира 19.06.2024 обработанная\1\-70\tif\1_595.tiff,595,-70.0
C:\Users\xxdew\OneDrive\Desktop\научка\Мира 19.06.2024 обработанная\1\after-70\1_595.tiff,595,-70.0
C:\Users\xxdew\OneDrive\Desktop\научка\Мира 19.06.2024 обработанная\1\-60\tif\1_595.tiff,595,-60.0
C:\Users\xxdew\OneDrive\Desktop\научка\Мира 19.06.2024 обработанная\1\after-60\1_595.tiff,595,-60.0
C:\Users\xxdew\OneDrive\Desktop\научка\Мира 19.06.2024 обработанная\1\-50\tif\1_595.tiff,595,-50.0
C:\Users\xxdew\OneDrive\Desktop\научка\Мира 19.06.2024 обработанная\1\after-50\1_595.tiff,595,-50.0
C:\Users\xxdew\OneDrive\Desktop\научка\Мира 19.06.2024 обработанная\1\-40\tif\1_595.tiff,595,-40.0
C:\Users\xxdew\OneDrive\Desktop\научка\Мира 19.06.2024 обработанная\1\after-40\1_595.tiff,595,-40.0
C:\Users\xxdew\OneDrive\Desktop\научка\Мира 19.06.2024 обработанная\1\-30\tif\1_595.tiff,595,-30.0
C:\Users\xxdew\OneDrive\Desktop\научка\Мира 19.06.2024 обработанная\1\after-30\1_595.tiff,595,-30.0
C:\Users\xxdew\OneDrive\Desktop\научка\Мира 19.06.2024 обработанная\1\-20\tif\1_595.tiff,595,-20.0
C:\Users\xxdew\OneDrive\Desktop\научка\Мира 19.06.2024 обработанная\1\after-20\1_595.tiff,595,-20.0
C:\Users\xxdew\OneDrive\Desktop\научка\Мира 19.06.2024 обработанная\1\-10\tif\1_595_-10.tiff,595,-10.0
C:\Users\xxdew\OneDrive\Desktop\научка\Мира 19.06.2024 обработанная\1\after-10\1_595.tiff,595,-10.0
C:\Users\xxdew\OneDrive\Desktop\научка\Мира 19.06.2024 обработанная\1\0\tif\1_595_fokus.tiff,595,0.0
C:\Users\xxdew\OneDrive\Desktop\научка\Мира 19.06.2024 обработанная\1\afterfokus\1_595.tiff,595,1.0
C:\Users\xxdew\OneDrive\Desktop\научка\Мира 19.06.2024 обработанная\1\+10\tif\1_595_+10.tiff,595,10.0
C:\Users\xxdew\OneDrive\Desktop\научка\Мира 19.06.2024 обработанная\1\after+10\1_595.tiff,595,10.0
C:\Users\xxdew\OneDrive\Desktop\научка\Мира 19.06.2024 обработанная\1\+20\tif\1_595.tiff,595,20.0
C:\Users\xxdew\OneDrive\Desktop\научка\Мира 19.06.2024 обработанная\1\after+20\1_595.tiff,595,20.0
C:\Users\xxdew\OneDrive\Desktop\научка\Мира 19.06.2024 обработанная\1\+30\tif\1_595.tiff,595,30.0
C:\Users\xxdew\OneDrive\Desktop\научка\Мира 19.06.2024 обработанная\1\after+30\1_595.tiff,595,30.0
C:\Users\xxdew\OneDrive\Desktop\научка\Мира 19.06.2024 обработанная\1\+40\tif\1_595.tiff,595,40.0
C:\Users\xxdew\OneDrive\Desktop\научка\Мира 19.06.2024 обработанная\1\after+40\1_595.tiff,595,40.0
C:\Users\xxdew\OneDrive\Desktop\научка\Мира 19.06.2024 обработанная\1\+50\tif\1_595.tiff,595,50.0
C:\Users\xxdew\OneDrive\Desktop\научка\Мира 19.06.2024 обработанная\1\after+50\1_595.tiff,595,50.0
C:\Users\xxdew\OneDrive\Desktop\научка\Мира 19.06.2024 обработанная\1\+60\tif\1_595.tiff,595,60.0
C:\Users\xxdew\OneDrive\Desktop\научка\Мира 19.06.2024 обработанная\1\after+60\1_595.tiff,595,60.0
C:\Users\xxdew\OneDrive\Desktop\научка\Мира 19.06.2024 обработанная\1\+70\tif\1_595.tiff,595,70.0
C:\Users\xxdew\OneDrive\Desktop\научка\Мира 19.06.2024 обработанная\1\after+70\1_595.tiff,595,70.0
C:\Users\xxdew\OneDrive\Desktop\научка\Мира 19.06.2024 обработанная\1\+80\tif\1_595.tiff,595,80.0
C:\Users\xxdew\OneDrive\Desktop\научка\Мира 19.06.2024 обработанная\1\after+80\1_595.tiff,595,80.0
C:\Users\xxdew\OneDrive\Desktop\научка\Мира 19.06.2024 обработанная\1\-110\tif\1_611.tiff,611,-110.0
C:\Users\xxdew\OneDrive\Desktop\научка\Мира 19.06.2024 обработанная\1\after-110\1_611.tiff,611,-110.0
C:\Users\xxdew\OneDrive\Desktop\научка\Мира 19.06.2024 обработанная\1\-100\tif\1_611.tiff,611,-100.0
C:\Users\xxdew\OneDrive\Desktop\научка\Мира 19.06.2024 обработанная\1\after-100\1_611.tiff,611,-100.0
C:\Users\xxdew\OneDrive\Desktop\научка\Мира 19.06.2024 обработанная\1\-90\tif\1_611.tiff,611,-90.0
C:\Users\xxdew\OneDrive\Desktop\научка\Мира 19.06.2024 обработанная\1\after-90\1_611.tiff,611,-90.0
C:\Users\xxdew\OneDrive\Desktop\научка\Мира 19.06.2024 обработанная\1\-80\tif\1_611.tiff,611,-80.0
C:\Users\xxdew\OneDrive\Desktop\научка\Мира 19.06.2024 обработанная\1\after-80\1_611.tiff,611,-80.0
C:\Users\xxdew\OneDrive\Desktop\научка\Мира 19.06.2024 обработанная\1\-70\tif\1_611.tiff,611,-70.0
C:\Users\xxdew\OneDrive\Desktop\научка\Мира 19.06.2024 обработанная\1\after-70\1_611.tiff,611,-70.0
C:\Users\xxdew\OneDrive\Desktop\научка\Мира 19.06.2024 обработанная\1\-60\tif\1_611.tiff,611,-60.0
C:\Users\xxdew\OneDrive\Desktop\научка\Мира 19.06.2024 обработанная\1\after-60\1_611.tiff,611,-60.0
C:\Users\xxdew\OneDrive\Desktop\научка\Мира 19.06.2024 обработанная\1\-50\tif\1_611.tiff,611,-50.0
C:\Users\xxdew\OneDrive\Desktop\научка\Мира 19.06.2024 обработанная\1\after-50\1_611.tiff,611,-50.0
C:\Users\xxdew\OneDrive\Desktop\научка\Мира 19.06.2024 обработанная\1\-40\tif\1_611.tiff,611,-40.0
C:\Users\xxdew\OneDrive\Desktop\научка\Мира 19.06.2024 обработанная\1\after-40\1_611.tiff,611,-40.0
C:\Users\xxdew\OneDrive\Desktop\научка\Мира 19.06.2024 обработанная\1\-30\tif\1_611.tiff,611,-30.0
C:\Users\xxdew\OneDrive\Desktop\научка\Мира 19.06.2024 обработанная\1\after-30\1_611.tiff,611,-30.0
C:\Users\xxdew\OneDrive\Desktop\научка\Мира 19.06.2024 обработанная\1\-20\tif\1_611.tiff,611,-20.0
C:\Users\xxdew\OneDrive\Desktop\научка\Мира 19.06.2024 обработанная\1\after-20\1_611.tiff,611,-20.0
C:\Users\xxdew\OneDrive\Desktop\научка\Мира 19.06.2024 обработанная\1\-10\tif\1_611.tiff,611,-10.0
C:\Users\xxdew\OneDrive\Desktop\научка\Мира 19.06.2024 обработанная\1\after-10\1_611.tiff,611,-10.0
C:\Users\xxdew\OneDrive\Desktop\научка\Мира 19.06.2024 обработанная\1\0\tif\1_611.tiff,611,0.0
C:\Users\xxdew\OneDrive\Desktop\научка\Мира 19.06.2024 обработанная\1\afterfokus\1_611.tiff,611,1.0
C:\Users\xxdew\OneDrive\Desktop\научка\Мира 19.06.2024 обработанная\1\+10\tif\1_611.tiff,611,10.0
C:\Users\xxdew\OneDrive\Desktop\научка\Мира 19.06.2024 обработанная\1\after+10\1_611.tiff,611,10.0
C:\Users\xxdew\OneDrive\Desktop\научка\Мира 19.06.2024 обработанная\1\+20\tif\1_611.tiff,611,20.0
C:\Users\xxdew\OneDrive\Desktop\научка\Мира 19.06.2024 обработанная\1\after+20\1_611.tiff,611,20.0
C:\Users\xxdew\OneDrive\Desktop\научка\Мира 19.06.2024 обработанная\1\+30\tif\1_611.tiff,611,30.0
C:\Users\xxdew\OneDrive\Desktop\научка\Мира 19.06.2024 обработанная\1\after+30\1_611.tiff,611,30.0
C:\Users\xxdew\OneDrive\Desktop\научка\Мира 19.06.2024 обработанная\1\+40\tif\1_611.tiff,611,40.0
C:\Users\xxdew\OneDrive\Desktop\научка\Мира 19.06.2024 обработанная\1\after+40\1_611.tiff,611,40.0
C:\Users\xxdew\OneDrive\Desktop\научка\Мира 19.06.2024 обработанная\1\+50\tif\1_611.tiff,611,50.0
C:\Users\xxdew\OneDrive\Desktop\научка\Мира 19.06.2024 обработанная\1\after+50\1_611.tiff,611,50.0
C:\Users\xxdew\OneDrive\Desktop\научка\Мира 19.06.2024 обработанная\1\+60\tif\1_611.tiff,611,60.0
C:\Users\xxdew\OneDrive\Desktop\научка\Мира 19.06.2024 обработанная\1\after+60\1_611.tiff,611,60.0
C:\Users\xxdew\OneDrive\Desktop\научка\Мира 19.06.2024 обработанная\1\+70\tif\1_611.tiff,611,70.0
C:\Users\xxdew\OneDrive\Desktop\научка\Мира 19.06.2024 обработанная\1\after+70\1_611.tiff,611,70.0
C:\Users\xxdew\OneDrive\Desktop\научка\Мира 19.06.2024 обработанная\1\+80\tif\1_611.tiff,611,80.0
C:\Users\xxdew\OneDrive\Desktop\научка\Мира 19.06.2024 обработанная\1\after+80\1_611.tiff,611,80.0
C:\Users\xxdew\OneDrive\Desktop\научка\Мира 19.06.2024 обработанная\1\-110\tif\1_625.tiff,625,-110.0
C:\Users\xxdew\OneDrive\Desktop\научка\Мира 19.06.2024 обработанная\1\after-110\1_625.tiff,625,-110.0
C:\Users\xxdew\OneDrive\Desktop\научка\Мира 19.06.2024 обработанная\1\-100\tif\1_625.tiff,625,-100.0
C:\Users\xxdew\OneDrive\Desktop\научка\Мира 19.06.2024 обработанная\1\after-100\1_625.tiff,625,-100.0
C:\Users\xxdew\OneDrive\Desktop\научка\Мира 19.06.2024 обработанная\1\-90\tif\1_625.tiff,625,-90.0
C:\Users\xxdew\OneDrive\Desktop\научка\Мира 19.06.2024 обработанная\1\after-90\1_625.tiff,625,-90.0
C:\Users\xxdew\OneDrive\Desktop\научка\Мира 19.06.2024 обработанная\1\-80\tif\1_625.tiff,625,-80.0
C:\Users\xxdew\OneDrive\Desktop\научка\Мира 19.06.2024 обработанная\1\after-80\1_625.tiff,625,-80.0
C:\Users\xxdew\OneDrive\Desktop\научка\Мира 19.06.2024 обработанная\1\-70\tif\1_625.tiff,625,-70.0
C:\Users\xxdew\OneDrive\Desktop\научка\Мира 19.06.2024 обработанная\1\after-70\1_625.tiff,625,-70.0
C:\Users\xxdew\OneDrive\Desktop\научка\Мира 19.06.2024 обработанная\1\-60\tif\1_625.tiff,625,-60.0
C:\Users\xxdew\OneDrive\Desktop\научка\Мира 19.06.2024 обработанная\1\after-60\1_625.tiff,625,-60.0
C:\Users\xxdew\OneDrive\Desktop\научка\Мира 19.06.2024 обработанная\1\-50\tif\1_625.tiff,625,-50.0
C:\Users\xxdew\OneDrive\Desktop\научка\Мира 19.06.2024 обработанная\1\after-50\1_625.tiff,625,-50.0
C:\Users\xxdew\OneDrive\Desktop\научка\Мира 19.06.2024 обработанная\1\-40\tif\1_625.tiff,625,-40.0
C:\Users\xxdew\OneDrive\Desktop\научка\Мира 19.06.2024 обработанная\1\after-40\1_625.tiff,625,-40.0
C:\Users\xxdew\OneDrive\Desktop\научка\Мира 19.06.2024 обработанная\1\-30\tif\1_625.tiff,625,-30.0
C:\Users\xxdew\OneDrive\Desktop\научка\Мира 19.06.2024 обработанная\1\after-30\1_625.tiff,625,-30.0
C:\Users\xxdew\OneDrive\Desktop\научка\Мира 19.06.2024 обработанная\1\-20\tif\1_625.tiff,625,-20.0
C:\Users\xxdew\OneDrive\Desktop\научка\Мира 19.06.2024 обработанная\1\after-20\1_625.tiff,625,-20.0
C:\Users\xxdew\OneDrive\Desktop\научка\Мира 19.06.2024 обработанная\1\-10\tif\1_625.tiff,625,-10.0
C:\Users\xxdew\OneDrive\Desktop\научка\Мира 19.06.2024 обработанная\1\after-10\1_625.tiff,625,-10.0
C:\Users\xxdew\OneDrive\Desktop\научка\Мира 19.06.2024 обработанная\1\0\tif\1_625.tiff,625,0.0
C:\Users\xxdew\OneDrive\Desktop\научка\Мира 19.06.2024 обработанная\1\afterfokus\1_625.tiff,625,1.0
C:\Users\xxdew\OneDrive\Desktop\научка\Мира 19.06.2024 обработанная\1\+10\tif\1_625.tiff,625,10.0
C:\Users\xxdew\OneDrive\Desktop\научка\Мира 19.06.2024 обработанная\1\after+10\1_625.tiff,625,10.0
C:\Users\xxdew\OneDrive\Desktop\научка\Мира 19.06.2024 обработанная\1\+20\tif\1_625.tiff,625,20.0
C:\Users\xxdew\OneDrive\Desktop\научка\Мира 19.06.2024 обработанная\1\after+20\1_625.tiff,625,20.0
C:\Users\xxdew\OneDrive\Desktop\научка\Мира 19.06.2024 обработанная\1\+30\tif\1_625.tiff,625,30.0
C:\Users\xxdew\OneDrive\Desktop\научка\Мира 19.06.2024 обработанная\1\after+30\1_625.tiff,625,30.0
C:\Users\xxdew\OneDrive\Desktop\научка\Мира 19.06.2024 обработанная\1\+40\tif\1_625.tiff,625,40.0
C:\Users\xxdew\OneDrive\Desktop\научка\Мира 19.06.2024 обработанная\1\after+40\1_625.tiff,625,40.0
C:\Users\xxdew\OneDrive\Desktop\научка\Мира 19.06.2024 обработанная\1\+50\tif\1_625.tiff,625,50.0
C:\Users\xxdew\OneDrive\Desktop\научка\Мира 19.06.2024 обработанная\1\after+50\1_625.tiff,625,50.0
C:\Users\xxdew\OneDrive\Desktop\научка\Мира 19.06.2024 обработанная\1\+60\tif\1_625.tiff,625,60.0
C:\Users\xxdew\OneDrive\Desktop\научка\Мира 19.06.2024 обработанная\1\after+60\1_625.tiff,625,60.0
C:\Users\xxdew\OneDrive\Desktop\научка\Мира 19.06.2024 обработанная\1\+70\tif\1_625.tiff,625,70.0
C:\Users\xxdew\OneDrive\Desktop\научка\Мира 19.06.2024 обработанная\1\after+70\1_625.tiff,625,70.0
C:\Users\xxdew\OneDrive\Desktop\научка\Мира 19.06.2024 обработанная\1\+80\tif\1_625.tiff,625,80.0
C:\Users\xxdew\OneDrive\Desktop\научка\Мира 19.06.2024 обработанная\1\after+80\1_625.tiff,625,80.0
C:\Users\xxdew\OneDrive\Desktop\научка\Мира 19.06.2024 обработанная\1\-110\tif\1_647.tiff,647,-110.0
C:\Users\xxdew\OneDrive\Desktop\научка\Мира 19.06.2024 обработанная\1\after-110\1_647.tiff,647,-110.0
C:\Users\xxdew\OneDrive\Desktop\научка\Мира 19.06.2024 обработанная\1\-100\tif\1_647.tiff,647,-100.0
C:\Users\xxdew\OneDrive\Desktop\научка\Мира 19.06.2024 обработанная\1\after-100\1_647.tiff,647,-100.0
C:\Users\xxdew\OneDrive\Desktop\научка\Мира 19.06.2024 обработанная\1\-90\tif\1_647.tiff,647,-90.0
C:\Users\xxdew\OneDrive\Desktop\научка\Мира 19.06.2024 обработанная\1\after-90\1_647.tiff,647,-90.0
C:\Users\xxdew\OneDrive\Desktop\научка\Мира 19.06.2024 обработанная\1\-80\tif\1_647.tiff,647,-80.0
C:\Users\xxdew\OneDrive\Desktop\научка\Мира 19.06.2024 обработанная\1\after-80\1_647.tiff,647,-80.0
C:\Users\xxdew\OneDrive\Desktop\научка\Мира 19.06.2024 обработанная\1\-70\tif\1_647.tiff,647,-70.0
C:\Users\xxdew\OneDrive\Desktop\научка\Мира 19.06.2024 обработанная\1\after-70\1_647.tiff,647,-70.0
C:\Users\xxdew\OneDrive\Desktop\научка\Мира 19.06.2024 обработанная\1\-60\tif\1_647.tiff,647,-60.0
C:\Users\xxdew\OneDrive\Desktop\научка\Мира 19.06.2024 обработанная\1\after-60\1_647.tiff,647,-60.0
C:\Users\xxdew\OneDrive\Desktop\научка\Мира 19.06.2024 обработанная\1\-50\tif\1_647.tiff,647,-50.0
C:\Users\xxdew\OneDrive\Desktop\научка\Мира 19.06.2024 обработанная\1\after-50\1_647.tiff,647,-50.0
C:\Users\xxdew\OneDrive\Desktop\научка\Мира 19.06.2024 обработанная\1\-40\tif\1_647.tiff,647,-40.0
C:\Users\xxdew\OneDrive\Desktop\научка\Мира 19.06.2024 обработанная\1\after-40\1_647.tiff,647,-40.0
C:\Users\xxdew\OneDrive\Desktop\научка\Мира 19.06.2024 обработанная\1\-30\tif\1_647.tiff,647,-30.0
C:\Users\xxdew\OneDrive\Desktop\научка\Мира 19.06.2024 обработанная\1\after-30\1_647.tiff,647,-30.0
C:\Users\xxdew\OneDrive\Desktop\научка\Мира 19.06.2024 обработанная\1\-20\tif\1_647.tiff,647,-20.0
C:\Users\xxdew\OneDrive\Desktop\научка\Мира 19.06.2024 обработанная\1\after-20\1_647.tiff,647,-20.0
C:\Users\xxdew\OneDrive\Desktop\научка\Мира 19.06.2024 обработанная\1\-10\tif\1_647.tiff,647,-10.0
C:\Users\xxdew\OneDrive\Desktop\научка\Мира 19.06.2024 обработанная\1\after-10\1_647.tiff,647,-10.0
C:\Users\xxdew\OneDrive\Desktop\научка\Мира 19.06.2024 обработанная\1\0\tif\1_647.tiff,647,0.0
C:\Users\xxdew\OneDrive\Desktop\научка\Мира 19.06.2024 обработанная\1\afterfokus\1_647.tiff,647,1.0
C:\Users\xxdew\OneDrive\Desktop\научка\Мира 19.06.2024 обработанная\1\+10\tif\1_647.tiff,647,10.0
C:\Users\xxdew\OneDrive\Desktop\научка\Мира 19.06.2024 обработанная\1\after+10\1_647.tiff,647,10.0
C:\Users\xxdew\OneDrive\Desktop\научка\Мира 19.06.2024 обработанная\1\+20\tif\1_647.tiff,647,20.0
C:\Users\xxdew\OneDrive\Desktop\научка\Мира 19.06.2024 обработанная\1\after+20\1_647.tiff,647,20.0
C:\Users\xxdew\OneDrive\Desktop\научка\Мира 19.06.2024 обработанная\1\+30\tif\1_647.tiff,647,30.0
C:\Users\xxdew\OneDrive\Desktop\научка\Мира 19.06.2024 обработанная\1\after+30\1_647.tiff,647,30.0
C:\Users\xxdew\OneDrive\Desktop\научка\Мира 19.06.2024 обработанная\1\+40\tif\1_647.tiff,647,40.0
C:\Users\xxdew\OneDrive\Desktop\научка\Мира 19.06.2024 обработанная\1\after+40\1_647.tiff,647,40.0
C:\Users\xxdew\OneDrive\Desktop\научка\Мира 19.06.2024 обработанная\1\+50\tif\1_647.tiff,647,50.0
C:\Users\xxdew\OneDrive\Desktop\научка\Мира 19.06.2024 обработанная\1\after+50\1_647.tiff,647,50.0
C:\Users\xxdew\OneDrive\Desktop\научка\Мира 19.06.2024 обработанная\1\+60\tif\1_647.tiff,647,60.0
C:\Users\xxdew\OneDrive\Desktop\научка\Мира 19.06.2024 обработанная\1\after+60\1_647.tiff,647,60.0
C:\Users\xxdew\OneDrive\Desktop\научка\Мира 19.06.2024 обработанная\1\+70\tif\1_647.tiff,647,70.0
C:\Users\xxdew\OneDrive\Desktop\научка\Мира 19.06.2024 обработанная\1\after+70\1_647.tiff,647,70.0
C:\Users\xxdew\OneDrive\Desktop\научка\Мира 19.06.2024 обработанная\1\+80\tif\1_647.tiff,647,80.0
C:\Users\xxdew\OneDrive\Desktop\научка\Мира 19.06.2024 обработанная\1\after+80\1_647.tiff,647,80.0
C:\Users\xxdew\OneDrive\Desktop\научка\Мира 19.06.2024 обработанная\1\-110\tif\1_666.tiff,666,-110.0
C:\Users\xxdew\OneDrive\Desktop\научка\Мира 19.06.2024 обработанная\1\after-110\1_666.tiff,666,-110.0
C:\Users\xxdew\OneDrive\Desktop\научка\Мира 19.06.2024 обработанная\1\-100\tif\1_666.tiff,666,-100.0
C:\Users\xxdew\OneDrive\Desktop\научка\Мира 19.06.2024 обработанная\1\after-100\1_666.tiff,666,-100.0
C:\Users\xxdew\OneDrive\Desktop\научка\Мира 19.06.2024 обработанная\1\-90\tif\1_666.tiff,666,-90.0
C:\Users\xxdew\OneDrive\Desktop\научка\Мира 19.06.2024 обработанная\1\after-90\1_666.tiff,666,-90.0
C:\Users\xxdew\OneDrive\Desktop\научка\Мира 19.06.2024 обработанная\1\-80\tif\1_666.tiff,666,-80.0
C:\Users\xxdew\OneDrive\Desktop\научка\Мира 19.06.2024 обработанная\1\after-80\1_666.tiff,666,-80.0
C:\Users\xxdew\OneDrive\Desktop\научка\Мира 19.06.2024 обработанная\1\-70\tif\1_666.tiff,666,-70.0
C:\Users\xxdew\OneDrive\Desktop\научка\Мира 19.06.2024 обработанная\1\after-70\1_666.tiff,666,-70.0
C:\Users\xxdew\OneDrive\Desktop\научка\Мира 19.06.2024 обработанная\1\-60\tif\1_666.tiff,666,-60.0
C:\Users\xxdew\OneDrive\Desktop\научка\Мира 19.06.2024 обработанная\1\after-60\1_666.tiff,666,-60.0
C:\Users\xxdew\OneDrive\Desktop\научка\Мира 19.06.2024 обработанная\1\-50\tif\1_666.tiff,666,-50.0
C:\Users\xxdew\OneDrive\Desktop\научка\Мира 19.06.2024 обработанная\1\after-50\1_666.tiff,666,-50.0
C:\Users\xxdew\OneDrive\Desktop\научка\Мира 19.06.2024 обработанная\1\-40\tif\1_666.tiff,666,-40.0
C:\Users\xxdew\OneDrive\Desktop\научка\Мира 19.06.2024 обработанная\1\after-40\1_666.tiff,666,-40.0
C:\Users\xxdew\OneDrive\Desktop\научка\Мира 19.06.2024 обработанная\1\-30\tif\1_666.tiff,666,-30.0
C:\Users\xxdew\OneDrive\Desktop\научка\Мира 19.06.2024 обработанная\1\after-30\1_666.tiff,666,-30.0
C:\Users\xxdew\OneDrive\Desktop\научка\Мира 19.06.2024 обработанная\1\-20\tif\1_666.tiff,666,-20.0
C:\Users\xxdew\OneDrive\Desktop\научка\Мира 19.06.2024 обработанная\1\after-20\1_666.tiff,666,-20.0
C:\Users\xxdew\OneDrive\Desktop\научка\Мира 19.06.2024 обработанная\1\-10\tif\1_666.tiff,666,-10.0
C:\Users\xxdew\OneDrive\Desktop\научка\Мира 19.06.2024 обработанная\1\after-10\1_666.tiff,666,-10.0
C:\Users\xxdew\OneDrive\Desktop\научка\Мира 19.06.2024 обработанная\1\0\tif\1_666.tiff,666,0.0
C:\Users\xxdew\OneDrive\Desktop\научка\Мира 19.06.2024 обработанная\1\afterfokus\1_666.tiff,666,1.0
C:\Users\xxdew\OneDrive\Desktop\научка\Мира 19.06.2024 обработанная\1\+10\tif\1_666.tiff,666,10.0
C:\Users\xxdew\OneDrive\Desktop\научка\Мира 19.06.2024 обработанная\1\after+10\1_666.tiff,666,10.0
C:\Users\xxdew\OneDrive\Desktop\научка\Мира 19.06.2024 обработанная\1\+20\tif\1_666.tiff,666,20.0
C:\Users\xxdew\OneDrive\Desktop\научка\Мира 19.06.2024 обработанная\1\after+20\1_666.tiff,666,20.0
C:\Users\xxdew\OneDrive\Desktop\научка\Мира 19.06.2024 обработанная\1\+30\tif\1_666.tiff,666,30.0
C:\Users\xxdew\OneDrive\Desktop\научка\Мира 19.06.2024 обработанная\1\after+30\1_666.tiff,666,30.0
C:\Users\xxdew\OneDrive\Desktop\научка\Мира 19.06.2024 обработанная\1\+40\tif\1_666.tiff,666,40.0
C:\Users\xxdew\OneDrive\Desktop\научка\Мира 19.06.2024 обработанная\1\after+40\1_666.tiff,666,40.0
C:\Users\xxdew\OneDrive\Desktop\научка\Мира 19.06.2024 обработанная\1\+50\tif\1_666.tiff,666,50.0
C:\Users\xxdew\OneDrive\Desktop\научка\Мира 19.06.2024 обработанная\1\after+50\1_666.tiff,666,50.0
C:\Users\xxdew\OneDrive\Desktop\научка\Мира 19.06.2024 обработанная\1\+60\tif\1_666.tiff,666,60.0
C:\Users\xxdew\OneDrive\Desktop\научка\Мира 19.06.2024 обработанная\1\after+60\1_666.tiff,666,60.0
C:\Users\xxdew\OneDrive\Desktop\научка\Мира 19.06.2024 обработанная\1\+70\tif\1_666.tiff,666,70.0
C:\Users\xxdew\OneDrive\Desktop\научка\Мира 19.06.2024 обработанная\1\after+70\1_666.tiff,666,70.0
C:\Users\xxdew\OneDrive\Desktop\научка\Мира 19.06.2024 обработанная\1\+80\tif\1_666.tiff,666,80.0
C:\Users\xxdew\OneDrive\Desktop\научка\Мира 19.06.2024 обработанная\1\after+80\1_666.tiff,666,80.0
C:\Users\xxdew\OneDrive\Desktop\научка\Мира 19.06.2024 обработанная\1\-110\tif\1_684.tiff,684,-110.0
C:\Users\xxdew\OneDrive\Desktop\научка\Мира 19.06.2024 обработанная\1\after-110\1_684.tiff,684,-110.0
C:\Users\xxdew\OneDrive\Desktop\научка\Мира 19.06.2024 обработанная\1\-100\tif\1_684.tiff,684,-100.0
C:\Users\xxdew\OneDrive\Desktop\научка\Мира 19.06.2024 обработанная\1\after-100\1_684.tiff,684,-100.0
C:\Users\xxdew\OneDrive\Desktop\научка\Мира 19.06.2024 обработанная\1\-90\tif\1_684.tiff,684,-90.0
C:\Users\xxdew\OneDrive\Desktop\научка\Мира 19.06.2024 обработанная\1\after-90\1_684.tiff,684,-90.0
C:\Users\xxdew\OneDrive\Desktop\научка\Мира 19.06.2024 обработанная\1\-80\tif\1_684.tiff,684,-80.0
C:\Users\xxdew\OneDrive\Desktop\научка\Мира 19.06.2024 обработанная\1\after-80\1_684.tiff,684,-80.0
C:\Users\xxdew\OneDrive\Desktop\научка\Мира 19.06.2024 обработанная\1\-70\tif\1_684.tiff,684,-70.0
C:\Users\xxdew\OneDrive\Desktop\научка\Мира 19.06.2024 обработанная\1\after-70\1_684.tiff,684,-70.0
C:\Users\xxdew\OneDrive\Desktop\научка\Мира 19.06.2024 обработанная\1\-60\tif\1_684.tiff,684,-60.0
C:\Users\xxdew\OneDrive\Desktop\научка\Мира 19.06.2024 обработанная\1\after-60\1_684.tiff,684,-60.0
C:\Users\xxdew\OneDrive\Desktop\научка\Мира 19.06.2024 обработанная\1\-50\tif\1_684.tiff,684,-50.0
C:\Users\xxdew\OneDrive\Desktop\научка\Мира 19.06.2024 обработанная\1\after-50\1_684.tiff,684,-50.0
C:\Users\xxdew\OneDrive\Desktop\научка\Мира 19.06.2024 обработанная\1\-40\tif\1_684.tiff,684,-40.0
C:\Users\xxdew\OneDrive\Desktop\научка\Мира 19.06.2024 обработанная\1\after-40\1_684.tiff,684,-40.0
C:\Users\xxdew\OneDrive\Desktop\научка\Мира 19.06.2024 обработанная\1\-30\tif\1_684.tiff,684,-30.0
C:\Users\xxdew\OneDrive\Desktop\научка\Мира 19.06.2024 обработанная\1\after-30\1_684.tiff,684,-30.0
C:\Users\xxdew\OneDrive\Desktop\научка\Мира 19.06.2024 обработанная\1\-20\tif\1_684.tiff,684,-20.0
C:\Users\xxdew\OneDrive\Desktop\научка\Мира 19.06.2024 обработанная\1\after-20\1_684.tiff,684,-20.0
C:\Users\xxdew\OneDrive\Desktop\научка\Мира 19.06.2024 обработанная\1\-10\tif\1_684.tiff,684,-10.0
C:\Users\xxdew\OneDrive\Desktop\научка\Мира 19.06.2024 обработанная\1\after-10\1_684.tiff,684,-10.0
C:\Users\xxdew\OneDrive\Desktop\научка\Мира 19.06.2024 обработанная\1\0\tif\1_684.tiff,684,0.0
C:\Users\xxdew\OneDrive\Desktop\научка\Мира 19.06.2024 обработанная\1\afterfokus\1_684.tiff,684,1.0
C:\Users\xxdew\OneDrive\Desktop\научка\Мира 19.06.2024 обработанная\1\+10\tif\1_684.tiff,684,10.0
C:\Users\xxdew\OneDrive\Desktop\научка\Мира 19.06.2024 обработанная\1\after+10\1_684.tiff,684,10.0
C:\Users\xxdew\OneDrive\Desktop\научка\Мира 19.06.2024 обработанная\1\+20\tif\1_684.tiff,684,20.0
C:\Users\xxdew\OneDrive\Desktop\научка\Мира 19.06.2024 обработанная\1\after+20\1_684.tiff,684,20.0
C:\Users\xxdew\OneDrive\Desktop\научка\Мира 19.06.2024 обработанная\1\+30\tif\1_684.tiff,684,30.0
C:\Users\xxdew\OneDrive\Desktop\научка\Мира 19.06.2024 обработанная\1\after+30\1_684.tiff,684,30.0
C:\Users\xxdew\OneDrive\Desktop\научка\Мира 19.06.2024 обработанная\1\+40\tif\1_684.tiff,684,40.0
C:\Users\xxdew\OneDrive\Desktop\научка\Мира 19.06.2024 обработанная\1\after+40\1_684.tiff,684,40.0
C:\Users\xxdew\OneDrive\Desktop\научка\Мира 19.06.2024 обработанная\1\+50\tif\1_684.tiff,684,50.0
C:\Users\xxdew\OneDrive\Desktop\научка\Мира 19.06.2024 обработанная\1\after+50\1_684.tiff,684,50.0
C:\Users\xxdew\OneDrive\Desktop\научка\Мира 19.06.2024 обработанная\1\+60\tif\1_684.tiff,684,60.0
C:\Users\xxdew\OneDrive\Desktop\научка\Мира 19.06.2024 обработанная\1\after+60\1_684.tiff,684,60.0
C:\Users\xxdew\OneDrive\Desktop\научка\Мира 19.06.2024 обработанная\1\+70\tif\1_684.tiff,684,70.0
C:\Users\xxdew\OneDrive\Desktop\научка\Мира 19.06.2024 обработанная\1\after+70\1_684.tiff,684,70.0
C:\Users\xxdew\OneDrive\Desktop\научка\Мира 19.06.2024 обработанная\1\+80\tif\1_684.tiff,684,80.0
C:\Users\xxdew\OneDrive\Desktop\научка\Мира 19.06.2024 обработанная\1\after+80\1_684.tiff,684,80.0
C:\Users\xxdew\OneDrive\Desktop\научка\Мира 19.06.2024 обработанная\1\-110\tif\1_700.tiff,700,-110.0
C:\Users\xxdew\OneDrive\Desktop\научка\Мира 19.06.2024 обработанная\1\after-110\1_700.tiff,700,-110.0
C:\Users\xxdew\OneDrive\Desktop\научка\Мира 19.06.2024 обработанная\1\-100\tif\1_700.tiff,700,-100.0
C:\Users\xxdew\OneDrive\Desktop\научка\Мира 19.06.2024 обработанная\1\after-100\1_700.tiff,700,-100.0
C:\Users\xxdew\OneDrive\Desktop\научка\Мира 19.06.2024 обработанная\1\-90\tif\1_700.tiff,700,-90.0
C:\Users\xxdew\OneDrive\Desktop\научка\Мира 19.06.2024 обработанная\1\after-90\1_700.tiff,700,-90.0
C:\Users\xxdew\OneDrive\Desktop\научка\Мира 19.06.2024 обработанная\1\-80\tif\1_700.tiff,700,-80.0
C:\Users\xxdew\OneDrive\Desktop\научка\Мира 19.06.2024 обработанная\1\after-80\1_700.tiff,700,-80.0
C:\Users\xxdew\OneDrive\Desktop\научка\Мира 19.06.2024 обработанная\1\-70\tif\1_700.tiff,700,-70.0
C:\Users\xxdew\OneDrive\Desktop\научка\Мира 19.06.2024 обработанная\1\after-70\1_700.tiff,700,-70.0
C:\Users\xxdew\OneDrive\Desktop\научка\Мира 19.06.2024 обработанная\1\-60\tif\1_700.tiff,700,-60.0
C:\Users\xxdew\OneDrive\Desktop\научка\Мира 19.06.2024 обработанная\1\after-60\1_700.tiff,700,-60.0
C:\Users\xxdew\OneDrive\Desktop\научка\Мира 19.06.2024 обработанная\1\-50\tif\1_700.tiff,700,-50.0
C:\Users\xxdew\OneDrive\Desktop\научка\Мира 19.06.2024 обработанная\1\after-50\1_700.tiff,700,-50.0
C:\Users\xxdew\OneDrive\Desktop\научка\Мира 19.06.2024 обработанная\1\-40\tif\1_700.tiff,700,-40.0
C:\Users\xxdew\OneDrive\Desktop\научка\Мира 19.06.2024 обработанная\1\after-40\1_700.tiff,700,-40.0
C:\Users\xxdew\OneDrive\Desktop\научка\Мира 19.06.2024 обработанная\1\-30\tif\1_700.tiff,700,-30.0
C:\Users\xxdew\OneDrive\Desktop\научка\Мира 19.06.2024 обработанная\1\after-30\1_700.tiff,700,-30.0
C:\Users\xxdew\OneDrive\Desktop\научка\Мира 19.06.2024 обработанная\1\-20\tif\1_700.tiff,700,-20.0
C:\Users\xxdew\OneDrive\Desktop\научка\Мира 19.06.2024 обработанная\1\after-20\1_700.tiff,700,-20.0
C:\Users\xxdew\OneDrive\Desktop\научка\Мира 19.06.2024 обработанная\1\-10\tif\1_700.tiff,700,-10.0
C:\Users\xxdew\OneDrive\Desktop\научка\Мира 19.06.2024 обработанная\1\after-10\1_700.tiff,700,-10.0
C:\Users\xxdew\OneDrive\Desktop\научка\Мира 19.06.2024 обработанная\1\0\tif\1_700.tiff,700,0.0
C:\Users\xxdew\OneDrive\Desktop\научка\Мира 19.06.2024 обработанная\1\afterfokus\1_700.tiff,700,1.0
C:\Users\xxdew\OneDrive\Desktop\научка\Мира 19.06.2024 обработанная\1\+10\tif\1_700.tiff,700,10.0
C:\Users\xxdew\OneDrive\Desktop\научка\Мира 19.06.2024 обработанная\1\after+10\1_700.tiff,700,10.0
C:\Users\xxdew\OneDrive\Desktop\научка\Мира 19.06.2024 обработанная\1\+20\tif\1_700.tiff,700,20.0
C:\Users\xxdew\OneDrive\Desktop\научка\Мира 19.06.2024 обработанная\1\after+20\1_700.tiff,700,20.0
C:\Users\xxdew\OneDrive\Desktop\научка\Мира 19.06.2024 обработанная\1\+30\tif\1_700.tiff,700,30.0
C:\Users\xxdew\OneDrive\Desktop\научка\Мира 19.06.2024 обработанная\1\after+30\1_700.tiff,700,30.0
C:\Users\xxdew\OneDrive\Desktop\научка\Мира 19.06.2024 обработанная\1\+40\tif\1_700.tiff,700,40.0
C:\Users\xxdew\OneDrive\Desktop\научка\Мира 19.06.2024 обработанная\1\after+40\1_700.tiff,700,40.0
C:\Users\xxdew\OneDrive\Desktop\научка\Мира 19.06.2024 обработанная\1\+50\tif\1_700.tiff,700,50.0
C:\Users\xxdew\OneDrive\Desktop\научка\Мира 19.06.2024 обработанная\1\after+50\1_700.tiff,700,50.0
C:\Users\xxdew\OneDrive\Desktop\научка\Мира 19.06.2024 обработанная\1\+60\tif\1_700.tiff,700,60.0
C:\Users\xxdew\OneDrive\Desktop\научка\Мира 19.06.2024 обработанная\1\after+60\1_700.tiff,700,60.0
C:\Users\xxdew\OneDrive\Desktop\научка\Мира 19.06.2024 обработанная\1\+70\tif\1_700.tiff,700,70.0
C:\Users\xxdew\OneDrive\Desktop\научка\Мира 19.06.2024 обработанная\1\after+70\1_700.tiff,700,70.0
C:\Users\xxdew\OneDrive\Desktop\научка\Мира 19.06.2024 обработанная\1\+80\tif\1_700.tiff,700,80.0
C:\Users\xxdew\OneDrive\Desktop\научка\Мира 19.06.2024 обработанная\1\after+80\1_700.tiff,700,80.0
C:\Users\xxdew\OneDrive\Desktop\научка\Мира 19.06.2024 обработанная\1\-110\tif\1_718.tiff,718,-110.0
C:\Users\xxdew\OneDrive\Desktop\научка\Мира 19.06.2024 обработанная\1\after-110\1_718.tiff,718,-110.0
C:\Users\xxdew\OneDrive\Desktop\научка\Мира 19.06.2024 обработанная\1\-100\tif\1_718.tiff,718,-100.0
C:\Users\xxdew\OneDrive\Desktop\научка\Мира 19.06.2024 обработанная\1\after-100\1_718.tiff,718,-100.0
C:\Users\xxdew\OneDrive\Desktop\научка\Мира 19.06.2024 обработанная\1\-90\tif\1_718.tiff,718,-90.0
C:\Users\xxdew\OneDrive\Desktop\научка\Мира 19.06.2024 обработанная\1\after-90\1_718.tiff,718,-90.0
C:\Users\xxdew\OneDrive\Desktop\научка\Мира 19.06.2024 обработанная\1\-80\tif\1_718.tiff,718,-80.0
C:\Users\xxdew\OneDrive\Desktop\научка\Мира 19.06.2024 обработанная\1\after-80\1_718.tiff,718,-80.0
C:\Users\xxdew\OneDrive\Desktop\научка\Мира 19.06.2024 обработанная\1\-70\tif\1_718.tiff,718,-70.0
C:\Users\xxdew\OneDrive\Desktop\научка\Мира 19.06.2024 обработанная\1\after-70\1_718.tiff,718,-70.0
C:\Users\xxdew\OneDrive\Desktop\научка\Мира 19.06.2024 обработанная\1\-60\tif\1_718.tiff,718,-60.0
C:\Users\xxdew\OneDrive\Desktop\научка\Мира 19.06.2024 обработанная\1\after-60\1_718.tiff,718,-60.0
C:\Users\xxdew\OneDrive\Desktop\научка\Мира 19.06.2024 обработанная\1\-50\tif\1_718.tiff,718,-50.0
C:\Users\xxdew\OneDrive\Desktop\научка\Мира 19.06.2024 обработанная\1\after-50\1_718.tiff,718,-50.0
C:\Users\xxdew\OneDrive\Desktop\научка\Мира 19.06.2024 обработанная\1\-40\tif\1_718.tiff,718,-40.0
C:\Users\xxdew\OneDrive\Desktop\научка\Мира 19.06.2024 обработанная\1\after-40\1_718.tiff,718,-40.0
C:\Users\xxdew\OneDrive\Desktop\научка\Мира 19.06.2024 обработанная\1\-30\tif\1_718.tiff,718,-30.0
C:\Users\xxdew\OneDrive\Desktop\научка\Мира 19.06.2024 обработанная\1\after-30\1_718.tiff,718,-30.0
C:\Users\xxdew\OneDrive\Desktop\научка\Мира 19.06.2024 обработанная\1\-20\tif\1_718.tiff,718,-20.0
C:\Users\xxdew\OneDrive\Desktop\научка\Мира 19.06.2024 обработанная\1\after-20\1_718.tiff,718,-20.0
C:\Users\xxdew\OneDrive\Desktop\научка\Мира 19.06.2024 обработанная\1\-10\tif\1_718.tiff,718,-10.0
C:\Users\xxdew\OneDrive\Desktop\научка\Мира 19.06.2024 обработанная\1\after-10\1_718.tiff,718,-10.0
C:\Users\xxdew\OneDrive\Desktop\научка\Мира 19.06.2024 обработанная\1\0\tif\1_718.tiff,718,0.0
C:\Users\xxdew\OneDrive\Desktop\научка\Мира 19.06.2024 обработанная\1\afterfokus\1_718.tiff,718,1.0
C:\Users\xxdew\OneDrive\Desktop\научка\Мира 19.06.2024 обработанная\1\+10\tif\1_718.tiff,718,10.0
C:\Users\xxdew\OneDrive\Desktop\научка\Мира 19.06.2024 обработанная\1\after+10\1_718.tiff,718,10.0
C:\Users\xxdew\OneDrive\Desktop\научка\Мира 19.06.2024 обработанная\1\+20\tif\1_718.tiff,718,20.0
C:\Users\xxdew\OneDrive\Desktop\научка\Мира 19.06.2024 обработанная\1\after+20\1_718.tiff,718,20.0
C:\Users\xxdew\OneDrive\Desktop\научка\Мира 19.06.2024 обработанная\1\+30\tif\1_718.tiff,718,30.0
C:\Users\xxdew\OneDrive\Desktop\научка\Мира 19.06.2024 обработанная\1\after+30\1_718.tiff,718,30.0
C:\Users\xxdew\OneDrive\Desktop\научка\Мира 19.06.2024 обработанная\1\+40\tif\1_718.tiff,718,40.0
C:\Users\xxdew\OneDrive\Desktop\научка\Мира 19.06.2024 обработанная\1\after+40\1_718.tiff,718,40.0
C:\Users\xxdew\OneDrive\Desktop\научка\Мира 19.06.2024 обработанная\1\+50\tif\1_718.tiff,718,50.0
C:\Users\xxdew\OneDrive\Desktop\научка\Мира 19.06.2024 обработанная\1\after+50\1_718.tiff,718,50.0
C:\Users\xxdew\OneDrive\Desktop\научка\Мира 19.06.2024 обработанная\1\+60\tif\1_718.tiff,718,60.0
C:\Users\xxdew\OneDrive\Desktop\научка\Мира 19.06.2024 обработанная\1\after+60\1_718.tiff,718,60.0
C:\Users\xxdew\OneDrive\Desktop\научка\Мира 19.06.2024 обработанная\1\+70\tif\1_718.tiff,718,70.0
C:\Users\xxdew\OneDrive\Desktop\научка\Мира 19.06.2024 обработанная\1\after+70\1_718.tiff,718,70.0
C:\Users\xxdew\OneDrive\Desktop\научка\Мира 19.06.2024 обработанная\1\+80\tif\1_718.tiff,718,80.0
C:\Users\xxdew\OneDrive\Desktop\научка\Мира 19.06.2024 обработанная\1\after+80\1_718.tiff,718,80.0
C:\Users\xxdew\OneDrive\Desktop\научка\Мира 19.06.2024 обработанная\1\-110\tif\1_736.tiff,736,-110.0
C:\Users\xxdew\OneDrive\Desktop\научка\Мира 19.06.2024 обработанная\1\after-110\1_736.tiff,736,-110.0
C:\Users\xxdew\OneDrive\Desktop\научка\Мира 19.06.2024 обработанная\1\-100\tif\1_736.tiff,736,-100.0
C:\Users\xxdew\OneDrive\Desktop\научка\Мира 19.06.2024 обработанная\1\after-100\1_736.tiff,736,-100.0
C:\Users\xxdew\OneDrive\Desktop\научка\Мира 19.06.2024 обработанная\1\-90\tif\1_736.tiff,736,-90.0
C:\Users\xxdew\OneDrive\Desktop\научка\Мира 19.06.2024 обработанная\1\after-90\1_736.tiff,736,-90.0
C:\Users\xxdew\OneDrive\Desktop\научка\Мира 19.06.2024 обработанная\1\-80\tif\1_736.tiff,736,-80.0
C:\Users\xxdew\OneDrive\Desktop\научка\Мира 19.06.2024 обработанная\1\after-80\1_736.tiff,736,-80.0
C:\Users\xxdew\OneDrive\Desktop\научка\Мира 19.06.2024 обработанная\1\-70\tif\1_736.tiff,736,-70.0
C:\Users\xxdew\OneDrive\Desktop\научка\Мира 19.06.2024 обработанная\1\after-70\1_736.tiff,736,-70.0
C:\Users\xxdew\OneDrive\Desktop\научка\Мира 19.06.2024 обработанная\1\-60\tif\1_736.tiff,736,-60.0
C:\Users\xxdew\OneDrive\Desktop\научка\Мира 19.06.2024 обработанная\1\after-60\1_736.tiff,736,-60.0
C:\Users\xxdew\OneDrive\Desktop\научка\Мира 19.06.2024 обработанная\1\-50\tif\1_736.tiff,736,-50.0
C:\Users\xxdew\OneDrive\Desktop\научка\Мира 19.06.2024 обработанная\1\after-50\1_736.tiff,736,-50.0
C:\Users\xxdew\OneDrive\Desktop\научка\Мира 19.06.2024 обработанная\1\-40\tif\1_736.tiff,736,-40.0
C:\Users\xxdew\OneDrive\Desktop\научка\Мира 19.06.2024 обработанная\1\after-40\1_736.tiff,736,-40.0
C:\Users\xxdew\OneDrive\Desktop\научка\Мира 19.06.2024 обработанная\1\-30\tif\1_736.tiff,736,-30.0
C:\Users\xxdew\OneDrive\Desktop\научка\Мира 19.06.2024 обработанная\1\after-30\1_736.tiff,736,-30.0
C:\Users\xxdew\OneDrive\Desktop\научка\Мира 19.06.2024 обработанная\1\-20\tif\1_736.tiff,736,-20.0
C:\Users\xxdew\OneDrive\Desktop\научка\Мира 19.06.2024 обработанная\1\after-20\1_736.tiff,736,-20.0
C:\Users\xxdew\OneDrive\Desktop\научка\Мира 19.06.2024 обработанная\1\-10\tif\1_736.tiff,736,-10.0
C:\Users\xxdew\OneDrive\Desktop\научка\Мира 19.06.2024 обработанная\1\after-10\1_736.tiff,736,-10.0
C:\Users\xxdew\OneDrive\Desktop\научка\Мира 19.06.2024 обработанная\1\0\tif\1_736.tiff,736,0.0
C:\Users\xxdew\OneDrive\Desktop\научка\Мира 19.06.2024 обработанная\1\afterfokus\1_736.tiff,736,1.0
C:\Users\xxdew\OneDrive\Desktop\научка\Мира 19.06.2024 обработанная\1\+10\tif\1_736.tiff,736,10.0
C:\Users\xxdew\OneDrive\Desktop\научка\Мира 19.06.2024 обработанная\1\after+10\1_736.tiff,736,10.0
C:\Users\xxdew\OneDrive\Desktop\научка\Мира 19.06.2024 обработанная\1\+20\tif\1_736.tiff,736,20.0
C:\Users\xxdew\OneDrive\Desktop\научка\Мира 19.06.2024 обработанная\1\after+20\1_736.tiff,736,20.0
C:\Users\xxdew\OneDrive\Desktop\научка\Мира 19.06.2024 обработанная\1\+30\tif\1_736.tiff,736,30.0
C:\Users\xxdew\OneDrive\Desktop\научка\Мира 19.06.2024 обработанная\1\after+30\1_736.tiff,736,30.0
C:\Users\xxdew\OneDrive\Desktop\научка\Мира 19.06.2024 обработанная\1\+40\tif\1_736.tiff,736,40.0
C:\Users\xxdew\OneDrive\Desktop\научка\Мира 19.06.2024 обработанная\1\after+40\1_736.tiff,736,40.0
C:\Users\xxdew\OneDrive\Desktop\научка\Мира 19.06.2024 обработанная\1\+50\tif\1_736.tiff,736,50.0
C:\Users\xxdew\OneDrive\Desktop\научка\Мира 19.06.2024 обработанная\1\after+50\1_736.tiff,736,50.0
C:\Users\xxdew\OneDrive\Desktop\научка\Мира 19.06.2024 обработанная\1\+60\tif\1_736.tiff,736,60.0
C:\Users\xxdew\OneDrive\Desktop\научка\Мира 19.06.2024 обработанная\1\after+60\1_736.tiff,736,60.0
C:\Users\xxdew\OneDrive\Desktop\научка\Мира 19.06.2024 обработанная\1\+70\tif\1_736.tiff,736,70.0
C:\Users\xxdew\OneDrive\Desktop\научка\Мира 19.06.2024 обработанная\1\after+70\1_736.tiff,736,70.0
C:\Users\xxdew\OneDrive\Desktop\научка\Мира 19.06.2024 обработанная\1\+80\tif\1_736.tiff,736,80.0
C:\Users\xxdew\OneDrive\Desktop\научка\Мира 19.06.2024 обработанная\1\after+80\1_736.tiff,736,80.0
C:\Users\xxdew\OneDrive\Desktop\научка\Мира 19.06.2024 обработанная\1\-110\tif\1_755.tiff,755,-110.0
C:\Users\xxdew\OneDrive\Desktop\научка\Мира 19.06.2024 обработанная\1\after-110\1_755.tiff,755,-110.0
C:\Users\xxdew\OneDrive\Desktop\научка\Мира 19.06.2024 обработанная\1\-100\tif\1_755.tiff,755,-100.0
C:\Users\xxdew\OneDrive\Desktop\научка\Мира 19.06.2024 обработанная\1\after-100\1_755.tiff,755,-100.0
C:\Users\xxdew\OneDrive\Desktop\научка\Мира 19.06.2024 обработанная\1\-90\tif\1_755.tiff,755,-90.0
C:\Users\xxdew\OneDrive\Desktop\научка\Мира 19.06.2024 обработанная\1\after-90\1_755.tiff,755,-90.0
C:\Users\xxdew\OneDrive\Desktop\научка\Мира 19.06.2024 обработанная\1\-80\tif\1_755.tiff,755,-80.0
C:\Users\xxdew\OneDrive\Desktop\научка\Мира 19.06.2024 обработанная\1\after-80\1_755.tiff,755,-80.0
C:\Users\xxdew\OneDrive\Desktop\научка\Мира 19.06.2024 обработанная\1\-70\tif\1_755.tiff,755,-70.0
C:\Users\xxdew\OneDrive\Desktop\научка\Мира 19.06.2024 обработанная\1\after-70\1_755.tiff,755,-70.0
C:\Users\xxdew\OneDrive\Desktop\научка\Мира 19.06.2024 обработанная\1\-60\tif\1_755.tiff,755,-60.0
C:\Users\xxdew\OneDrive\Desktop\научка\Мира 19.06.2024 обработанная\1\after-60\1_755.tiff,755,-60.0
C:\Users\xxdew\OneDrive\Desktop\научка\Мира 19.06.2024 обработанная\1\-50\tif\1_755.tiff,755,-50.0
C:\Users\xxdew\OneDrive\Desktop\научка\Мира 19.06.2024 обработанная\1\after-50\1_755.tiff,755,-50.0
C:\Users\xxdew\OneDrive\Desktop\научка\Мира 19.06.2024 обработанная\1\-40\tif\1_755.tiff,755,-40.0
C:\Users\xxdew\OneDrive\Desktop\научка\Мира 19.06.2024 обработанная\1\after-40\1_755.tiff,755,-40.0
C:\Users\xxdew\OneDrive\Desktop\научка\Мира 19.06.2024 обработанная\1\-30\tif\1_755.tiff,755,-30.0
C:\Users\xxdew\OneDrive\Desktop\научка\Мира 19.06.2024 обработанная\1\after-30\1_755.tiff,755,-30.0
C:\Users\xxdew\OneDrive\Desktop\научка\Мира 19.06.2024 обработанная\1\-20\tif\1_755.tiff,755,-20.0
C:\Users\xxdew\OneDrive\Desktop\научка\Мира 19.06.2024 обработанная\1\after-20\1_755.tiff,755,-20.0
C:\Users\xxdew\OneDrive\Desktop\научка\Мира 19.06.2024 обработанная\1\-10\tif\1_755.tiff,755,-10.0
C:\Users\xxdew\OneDrive\Desktop\научка\Мира 19.06.2024 обработанная\1\after-10\1_755.tiff,755,-10.0
C:\Users\xxdew\OneDrive\Desktop\научка\Мира 19.06.2024 обработанная\1\0\tif\1_755.tiff,755,0.0
C:\Users\xxdew\OneDrive\Desktop\научка\Мира 19.06.2024 обработанная\1\afterfokus\1_755.tiff,755,1.0
C:\Users\xxdew\OneDrive\Desktop\научка\Мира 19.06.2024 обработанная\1\+10\tif\1_755.tiff,755,10.0
C:\Users\xxdew\OneDrive\Desktop\научка\Мира 19.06.2024 обработанная\1\after+10\1_755.tiff,755,10.0
C:\Users\xxdew\OneDrive\Desktop\научка\Мира 19.06.2024 обработанная\1\+20\tif\1_755.tiff,755,20.0
C:\Users\xxdew\OneDrive\Desktop\научка\Мира 19.06.2024 обработанная\1\after+20\1_755.tiff,755,20.0
C:\Users\xxdew\OneDrive\Desktop\научка\Мира 19.06.2024 обработанная\1\+30\tif\1_755.tiff,755,30.0
C:\Users\xxdew\OneDrive\Desktop\научка\Мира 19.06.2024 обработанная\1\after+30\1_755.tiff,755,30.0
C:\Users\xxdew\OneDrive\Desktop\научка\Мира 19.06.2024 обработанная\1\+40\tif\1_755.tiff,755,40.0
C:\Users\xxdew\OneDrive\Desktop\научка\Мира 19.06.2024 обработанная\1\after+40\1_755.tiff,755,40.0
C:\Users\xxdew\OneDrive\Desktop\научка\Мира 19.06.2024 обработанная\1\+50\tif\1_755.tiff,755,50.0
C:\Users\xxdew\OneDrive\Desktop\научка\Мира 19.06.2024 обработанная\1\after+50\1_755.tiff,755,50.0
C:\Users\xxdew\OneDrive\Desktop\научка\Мира 19.06.2024 обработанная\1\+60\tif\1_755.tiff,755,60.0
C:\Users\xxdew\OneDrive\Desktop\научка\Мира 19.06.2024 обработанная\1\after+60\1_755.tiff,755,60.0
C:\Users\xxdew\OneDrive\Desktop\научка\Мира 19.06.2024 обработанная\1\+70\tif\1_755.tiff,755,70.0
C:\Users\xxdew\OneDrive\Desktop\научка\Мира 19.06.2024 обработанная\1\after+70\1_755.tiff,755,70.0
C:\Users\xxdew\OneDrive\Desktop\научка\Мира 19.06.2024 обработанная\1\+80\tif\1_755.tiff,755,80.0
C:\Users\xxdew\OneDrive\Desktop\научка\Мира 19.06.2024 обработанная\1\after+80\1_755.tiff,755,80.0
C:\Users\xxdew\OneDrive\Desktop\научка\Мира 19.06.2024 обработанная\1\-110\tif\1_771.tiff,771,-110.0
C:\Users\xxdew\OneDrive\Desktop\научка\Мира 19.06.2024 обработанная\1\after-110\1_771.tiff,771,-110.0
C:\Users\xxdew\OneDrive\Desktop\научка\Мира 19.06.2024 обработанная\1\-100\tif\1_771.tiff,771,-100.0
C:\Users\xxdew\OneDrive\Desktop\научка\Мира 19.06.2024 обработанная\1\after-100\1_771.tiff,771,-100.0
C:\Users\xxdew\OneDrive\Desktop\научка\Мира 19.06.2024 обработанная\1\-90\tif\1_771.tiff,771,-90.0
C:\Users\xxdew\OneDrive\Desktop\научка\Мира 19.06.2024 обработанная\1\after-90\1_771.tiff,771,-90.0
C:\Users\xxdew\OneDrive\Desktop\научка\Мира 19.06.2024 обработанная\1\-80\tif\1_771.tiff,771,-80.0
C:\Users\xxdew\OneDrive\Desktop\научка\Мира 19.06.2024 обработанная\1\after-80\1_771.tiff,771,-80.0
C:\Users\xxdew\OneDrive\Desktop\научка\Мира 19.06.2024 обработанная\1\-70\tif\1_771.tiff,771,-70.0
C:\Users\xxdew\OneDrive\Desktop\научка\Мира 19.06.2024 обработанная\1\after-70\1_771.tiff,771,-70.0
C:\Users\xxdew\OneDrive\Desktop\научка\Мира 19.06.2024 обработанная\1\-60\tif\1_771.tiff,771,-60.0
C:\Users\xxdew\OneDrive\Desktop\научка\Мира 19.06.2024 обработанная\1\after-60\1_771.tiff,771,-60.0
C:\Users\xxdew\OneDrive\Desktop\научка\Мира 19.06.2024 обработанная\1\-50\tif\1_771.tiff,771,-50.0
C:\Users\xxdew\OneDrive\Desktop\научка\Мира 19.06.2024 обработанная\1\after-50\1_771.tiff,771,-50.0
C:\Users\xxdew\OneDrive\Desktop\научка\Мира 19.06.2024 обработанная\1\-40\tif\1_771.tiff,771,-40.0
C:\Users\xxdew\OneDrive\Desktop\научка\Мира 19.06.2024 обработанная\1\after-40\1_771.tiff,771,-40.0
C:\Users\xxdew\OneDrive\Desktop\научка\Мира 19.06.2024 обработанная\1\-30\tif\1_771.tiff,771,-30.0
C:\Users\xxdew\OneDrive\Desktop\научка\Мира 19.06.2024 обработанная\1\after-30\1_771.tiff,771,-30.0
C:\Users\xxdew\OneDrive\Desktop\научка\Мира 19.06.2024 обработанная\1\-20\tif\1_771.tiff,771,-20.0
C:\Users\xxdew\OneDrive\Desktop\научка\Мира 19.06.2024 обработанная\1\after-20\1_771.tiff,771,-20.0
C:\Users\xxdew\OneDrive\Desktop\научка\Мира 19.06.2024 обработанная\1\-10\tif\1_771.tiff,771,-10.0
C:\Users\xxdew\OneDrive\Desktop\научка\Мира 19.06.2024 обработанная\1\after-10\1_771.tiff,771,-10.0
C:\Users\xxdew\OneDrive\Desktop\научка\Мира 19.06.2024 обработанная\1\0\tif\1_771.tiff,771,0.0
C:\Users\xxdew\OneDrive\Desktop\научка\Мира 19.06.2024 обработанная\1\afterfokus\1_771.tiff,771,1.0
C:\Users\xxdew\OneDrive\Desktop\научка\Мира 19.06.2024 обработанная\1\+10\tif\1_771.tiff,771,10.0
C:\Users\xxdew\OneDrive\Desktop\научка\Мира 19.06.2024 обработанная\1\after+10\1_771.tiff,771,10.0
C:\Users\xxdew\OneDrive\Desktop\научка\Мира 19.06.2024 обработанная\1\+20\tif\1_771.tiff,771,20.0
C:\Users\xxdew\OneDrive\Desktop\научка\Мира 19.06.2024 обработанная\1\after+20\1_771.tiff,771,20.0
C:\Users\xxdew\OneDrive\Desktop\научка\Мира 19.06.2024 обработанная\1\+30\tif\1_771.tiff,771,30.0
C:\Users\xxdew\OneDrive\Desktop\научка\Мира 19.06.2024 обработанная\1\after+30\1_771.tiff,771,30.0
C:\Users\xxdew\OneDrive\Desktop\научка\Мира 19.06.2024 обработанная\1\+40\tif\1_771.tiff,771,40.0
C:\Users\xxdew\OneDrive\Desktop\научка\Мира 19.06.2024 обработанная\1\after+40\1_771.tiff,771,40.0
C:\Users\xxdew\OneDrive\Desktop\научка\Мира 19.06.2024 обработанная\1\+50\tif\1_771.tiff,771,50.0
C:\Users\xxdew\OneDrive\Desktop\научка\Мира 19.06.2024 обработанная\1\after+50\1_771.tiff,771,50.0
C:\Users\xxdew\OneDrive\Desktop\научка\Мира 19.06.2024 обработанная\1\+60\tif\1_771.tiff,771,60.0
C:\Users\xxdew\OneDrive\Desktop\научка\Мира 19.06.2024 обработанная\1\after+60\1_771.tiff,771,60.0
C:\Users\xxdew\OneDrive\Desktop\научка\Мира 19.06.2024 обработанная\1\+70\tif\1_771.tiff,771,70.0
C:\Users\xxdew\OneDrive\Desktop\научка\Мира 19.06.2024 обработанная\1\after+70\1_771.tiff,771,70.0
C:\Users\xxdew\OneDrive\Desktop\научка\Мира 19.06.2024 обработанная\1\+80\tif\1_771.tiff,771,80.0
C:\Users\xxdew\OneDrive\Desktop\научка\Мира 19.06.2024 обработанная\1\after+80\1_771.tiff,771,80.0
C:\Users\xxdew\OneDrive\Desktop\научка\Мира 19.06.2024 обработанная\1\-110\tif\1_787.tiff,787,-110.0
C:\Users\xxdew\OneDrive\Desktop\научка\Мира 19.06.2024 обработанная\1\after-110\1_787.tiff,787,-110.0
C:\Users\xxdew\OneDrive\Desktop\научка\Мира 19.06.2024 обработанная\1\-100\tif\1_787.tiff,787,-100.0
C:\Users\xxdew\OneDrive\Desktop\научка\Мира 19.06.2024 обработанная\1\after-100\1_787.tiff,787,-100.0
C:\Users\xxdew\OneDrive\Desktop\научка\Мира 19.06.2024 обработанная\1\-90\tif\1_787.tiff,787,-90.0
C:\Users\xxdew\OneDrive\Desktop\научка\Мира 19.06.2024 обработанная\1\after-90\1_787.tiff,787,-90.0
C:\Users\xxdew\OneDrive\Desktop\научка\Мира 19.06.2024 обработанная\1\-80\tif\1_787.tiff,787,-80.0
C:\Users\xxdew\OneDrive\Desktop\научка\Мира 19.06.2024 обработанная\1\after-80\1_787.tiff,787,-80.0
C:\Users\xxdew\OneDrive\Desktop\научка\Мира 19.06.2024 обработанная\1\-70\tif\1_787.tiff,787,-70.0
C:\Users\xxdew\OneDrive\Desktop\научка\Мира 19.06.2024 обработанная\1\after-70\1_787.tiff,787,-70.0
C:\Users\xxdew\OneDrive\Desktop\научка\Мира 19.06.2024 обработанная\1\-60\tif\1_787.tiff,787,-60.0
C:\Users\xxdew\OneDrive\Desktop\научка\Мира 19.06.2024 обработанная\1\after-60\1_787.tiff,787,-60.0
C:\Users\xxdew\OneDrive\Desktop\научка\Мира 19.06.2024 обработанная\1\-50\tif\1_787.tiff,787,-50.0
C:\Users\xxdew\OneDrive\Desktop\научка\Мира 19.06.2024 обработанная\1\after-50\1_787.tiff,787,-50.0
C:\Users\xxdew\OneDrive\Desktop\научка\Мира 19.06.2024 обработанная\1\-40\tif\1_787.tiff,787,-40.0
C:\Users\xxdew\OneDrive\Desktop\научка\Мира 19.06.2024 обработанная\1\after-40\1_787.tiff,787,-40.0
C:\Users\xxdew\OneDrive\Desktop\научка\Мира 19.06.2024 обработанная\1\-30\tif\1_787.tiff,787,-30.0
C:\Users\xxdew\OneDrive\Desktop\научка\Мира 19.06.2024 обработанная\1\after-30\1_787.tiff,787,-30.0
C:\Users\xxdew\OneDrive\Desktop\научка\Мира 19.06.2024 обработанная\1\-20\tif\1_787.tiff,787,-20.0
C:\Users\xxdew\OneDrive\Desktop\научка\Мира 19.06.2024 обработанная\1\after-20\1_787.tiff,787,-20.0
C:\Users\xxdew\OneDrive\Desktop\научка\Мира 19.06.2024 обработанная\1\-10\tif\1_787.tiff,787,-10.0
C:\Users\xxdew\OneDrive\Desktop\научка\Мира 19.06.2024 обработанная\1\after-10\1_787.tiff,787,-10.0
C:\Users\xxdew\OneDrive\Desktop\научка\Мира 19.06.2024 обработанная\1\0\tif\1_787.tiff,787,0.0
C:\Users\xxdew\OneDrive\Desktop\научка\Мира 19.06.2024 обработанная\1\afterfokus\1_787.tiff,787,1.0
C:\Users\xxdew\OneDrive\Desktop\научка\Мира 19.06.2024 обработанная\1\+10\tif\1_787.tiff,787,10.0
C:\Users\xxdew\OneDrive\Desktop\научка\Мира 19.06.2024 обработанная\1\after+10\1_787.tiff,787,10.0
C:\Users\xxdew\OneDrive\Desktop\научка\Мира 19.06.2024 обработанная\1\+20\tif\1_787.tiff,787,20.0
C:\Users\xxdew\OneDrive\Desktop\научка\Мира 19.06.2024 обработанная\1\after+20\1_787.tiff,787,20.0
C:\Users\xxdew\OneDrive\Desktop\научка\Мира 19.06.2024 обработанная\1\+30\tif\1_787.tiff,787,30.0
C:\Users\xxdew\OneDrive\Desktop\научка\Мира 19.06.2024 обработанная\1\after+30\1_787.tiff,787,30.0
C:\Users\xxdew\OneDrive\Desktop\научка\Мира 19.06.2024 обработанная\1\+40\tif\1_787.tiff,787,40.0
C:\Users\xxdew\OneDrive\Desktop\научка\Мира 19.06.2024 обработанная\1\after+40\1_787.tiff,787,40.0
C:\Users\xxdew\OneDrive\Desktop\научка\Мира 19.06.2024 обработанная\1\+50\tif\1_787.tiff,787,50.0
C:\Users\xxdew\OneDrive\Desktop\научка\Мира 19.06.2024 обработанная\1\after+50\1_787.tiff,787,50.0
C:\Users\xxdew\OneDrive\Desktop\научка\Мира 19.06.2024 обработанная\1\+60\tif\1_787.tiff,787,60.0
C:\Users\xxdew\OneDrive\Desktop\научка\Мира 19.06.2024 обработанная\1\after+60\1_787.tiff,787,60.0
C:\Users\xxdew\OneDrive\Desktop\научка\Мира 19.06.2024 обработанная\1\+70\tif\1_787.tiff,787,70.0
C:\Users\xxdew\OneDrive\Desktop\научка\Мира 19.06.2024 обработанная\1\after+70\1_787.tiff,787,70.0
C:\Users\xxdew\OneDrive\Desktop\научка\Мира 19.06.2024 обработанная\1\+80\tif\1_787.tiff,787,80.0
C:\Users\xxdew\OneDrive\Desktop\научка\Мира 19.06.2024 обработанная\1\after+80\1_787.tiff,787,80.0
C:\Users\xxdew\OneDrive\Desktop\научка\Мира 19.06.2024 обработанная\1\-110\tif\1_803.tiff,803,-110.0
C:\Users\xxdew\OneDrive\Desktop\научка\Мира 19.06.2024 обработанная\1\after-110\1_803.tiff,803,-110.0
C:\Users\xxdew\OneDrive\Desktop\научка\Мира 19.06.2024 обработанная\1\-100\tif\1_803.tiff,803,-100.0
C:\Users\xxdew\OneDrive\Desktop\научка\Мира 19.06.2024 обработанная\1\after-100\1_803.tiff,803,-100.0
C:\Users\xxdew\OneDrive\Desktop\научка\Мира 19.06.2024 обработанная\1\-90\tif\1_803.tiff,803,-90.0
C:\Users\xxdew\OneDrive\Desktop\научка\Мира 19.06.2024 обработанная\1\after-90\1_803.tiff,803,-90.0
C:\Users\xxdew\OneDrive\Desktop\научка\Мира 19.06.2024 обработанная\1\-80\tif\1_803.tiff,803,-80.0
C:\Users\xxdew\OneDrive\Desktop\научка\Мира 19.06.2024 обработанная\1\after-80\1_803.tiff,803,-80.0
C:\Users\xxdew\OneDrive\Desktop\научка\Мира 19.06.2024 обработанная\1\-70\tif\1_803.tiff,803,-70.0
C:\Users\xxdew\OneDrive\Desktop\научка\Мира 19.06.2024 обработанная\1\after-70\1_803.tiff,803,-70.0
C:\Users\xxdew\OneDrive\Desktop\научка\Мира 19.06.2024 обработанная\1\-60\tif\1_803.tiff,803,-60.0
C:\Users\xxdew\OneDrive\Desktop\научка\Мира 19.06.2024 обработанная\1\after-60\1_803.tiff,803,-60.0
C:\Users\xxdew\OneDrive\Desktop\научка\Мира 19.06.2024 обработанная\1\-50\tif\1_803.tiff,803,-50.0
C:\Users\xxdew\OneDrive\Desktop\научка\Мира 19.06.2024 обработанная\1\after-50\1_803.tiff,803,-50.0
C:\Users\xxdew\OneDrive\Desktop\научка\Мира 19.06.2024 обработанная\1\-40\tif\1_803.tiff,803,-40.0
C:\Users\xxdew\OneDrive\Desktop\научка\Мира 19.06.2024 обработанная\1\after-40\1_803.tiff,803,-40.0
C:\Users\xxdew\OneDrive\Desktop\научка\Мира 19.06.2024 обработанная\1\-30\tif\1_803.tiff,803,-30.0
C:\Users\xxdew\OneDrive\Desktop\научка\Мира 19.06.2024 обработанная\1\after-30\1_803.tiff,803,-30.0
C:\Users\xxdew\OneDrive\Desktop\научка\Мира 19.06.2024 обработанная\1\-20\tif\1_803.tiff,803,-20.0
C:\Users\xxdew\OneDrive\Desktop\научка\Мира 19.06.2024 обработанная\1\after-20\1_803.tiff,803,-20.0
C:\Users\xxdew\OneDrive\Desktop\научка\Мира 19.06.2024 обработанная\1\-10\tif\1_803.tiff,803,-10.0
C:\Users\xxdew\OneDrive\Desktop\научка\Мира 19.06.2024 обработанная\1\after-10\1_803.tiff,803,-10.0
C:\Users\xxdew\OneDrive\Desktop\научка\Мира 19.06.2024 обработанная\1\0\tif\1_803.tiff,803,0.0
C:\Users\xxdew\OneDrive\Desktop\научка\Мира 19.06.2024 обработанная\1\afterfokus\1_803.tiff,803,1.0
C:\Users\xxdew\OneDrive\Desktop\научка\Мира 19.06.2024 обработанная\1\+10\tif\1_803.tiff,803,10.0
C:\Users\xxdew\OneDrive\Desktop\научка\Мира 19.06.2024 обработанная\1\after+10\1_803.tiff,803,10.0
C:\Users\xxdew\OneDrive\Desktop\научка\Мира 19.06.2024 обработанная\1\+20\tif\1_803.tiff,803,20.0
C:\Users\xxdew\OneDrive\Desktop\научка\Мира 19.06.2024 обработанная\1\after+20\1_803.tiff,803,20.0
C:\Users\xxdew\OneDrive\Desktop\научка\Мира 19.06.2024 обработанная\1\+30\tif\1_803.tiff,803,30.0
C:\Users\xxdew\OneDrive\Desktop\научка\Мира 19.06.2024 обработанная\1\after+30\1_803.tiff,803,30.0
C:\Users\xxdew\OneDrive\Desktop\научка\Мира 19.06.2024 обработанная\1\+40\tif\1_803.tiff,803,40.0
C:\Users\xxdew\OneDrive\Desktop\научка\Мира 19.06.2024 обработанная\1\after+40\1_803.tiff,803,40.0
C:\Users\xxdew\OneDrive\Desktop\научка\Мира 19.06.2024 обработанная\1\+50\tif\1_803.tiff,803,50.0
C:\Users\xxdew\OneDrive\Desktop\научка\Мира 19.06.2024 обработанная\1\after+50\1_803.tiff,803,50.0
C:\Users\xxdew\OneDrive\Desktop\научка\Мира 19.06.2024 обработанная\1\+60\tif\1_803.tiff,803,60.0
C:\Users\xxdew\OneDrive\Desktop\научка\Мира 19.06.2024 обработанная\1\after+60\1_803.tiff,803,60.0
C:\Users\xxdew\OneDrive\Desktop\научка\Мира 19.06.2024 обработанная\1\+70\tif\1_803.tiff,803,70.0
C:\Users\xxdew\OneDrive\Desktop\научка\Мира 19.06.2024 обработанная\1\after+70\1_803.tiff,803,70.0
C:\Users\xxdew\OneDrive\Desktop\научка\Мира 19.06.2024 обработанная\1\+80\tif\1_803.tiff,803,80.0
C:\Users\xxdew\OneDrive\Desktop\научка\Мира 19.06.2024 обработанная\1\after+80\1_803.tiff,803,80.0
C:\Users\xxdew\OneDrive\Desktop\научка\Мира 19.06.2024 обработанная\1\-110\tif\1_819.tiff,819,-110.0
C:\Users\xxdew\OneDrive\Desktop\научка\Мира 19.06.2024 обработанная\1\after-110\1_819.tiff,819,-110.0
C:\Users\xxdew\OneDrive\Desktop\научка\Мира 19.06.2024 обработанная\1\-100\tif\1_819.tiff,819,-100.0
C:\Users\xxdew\OneDrive\Desktop\научка\Мира 19.06.2024 обработанная\1\after-100\1_819.tiff,819,-100.0
C:\Users\xxdew\OneDrive\Desktop\научка\Мира 19.06.2024 обработанная\1\-90\tif\1_819.tiff,819,-90.0
C:\Users\xxdew\OneDrive\Desktop\научка\Мира 19.06.2024 обработанная\1\after-90\1_819.tiff,819,-90.0
C:\Users\xxdew\OneDrive\Desktop\научка\Мира 19.06.2024 обработанная\1\-80\tif\1_819.tiff,819,-80.0
C:\Users\xxdew\OneDrive\Desktop\научка\Мира 19.06.2024 обработанная\1\after-80\1_819.tiff,819,-80.0
C:\Users\xxdew\OneDrive\Desktop\научка\Мира 19.06.2024 обработанная\1\-70\tif\1_819.tiff,819,-70.0
C:\Users\xxdew\OneDrive\Desktop\научка\Мира 19.06.2024 обработанная\1\after-70\1_819.tiff,819,-70.0
C:\Users\xxdew\OneDrive\Desktop\научка\Мира 19.06.2024 обработанная\1\-60\tif\1_819.tiff,819,-60.0
C:\Users\xxdew\OneDrive\Desktop\научка\Мира 19.06.2024 обработанная\1\after-60\1_819.tiff,819,-60.0
C:\Users\xxdew\OneDrive\Desktop\научка\Мира 19.06.2024 обработанная\1\-50\tif\1_819.tiff,819,-50.0
C:\Users\xxdew\OneDrive\Desktop\научка\Мира 19.06.2024 обработанная\1\after-50\1_819.tiff,819,-50.0
C:\Users\xxdew\OneDrive\Desktop\научка\Мира 19.06.2024 обработанная\1\-40\tif\1_819.tiff,819,-40.0
C:\Users\xxdew\OneDrive\Desktop\научка\Мира 19.06.2024 обработанная\1\after-40\1_819.tiff,819,-40.0
C:\Users\xxdew\OneDrive\Desktop\научка\Мира 19.06.2024 обработанная\1\-30\tif\1_819.tiff,819,-30.0
C:\Users\xxdew\OneDrive\Desktop\научка\Мира 19.06.2024 обработанная\1\after-30\1_819.tiff,819,-30.0
C:\Users\xxdew\OneDrive\Desktop\научка\Мира 19.06.2024 обработанная\1\-20\tif\1_819.tiff,819,-20.0
C:\Users\xxdew\OneDrive\Desktop\научка\Мира 19.06.2024 обработанная\1\after-20\1_819.tiff,819,-20.0
C:\Users\xxdew\OneDrive\Desktop\научка\Мира 19.06.2024 обработанная\1\-10\tif\1_819.tiff,819,-10.0
C:\Users\xxdew\OneDrive\Desktop\научка\Мира 19.06.2024 обработанная\1\after-10\1_819.tiff,819,-10.0
C:\Users\xxdew\OneDrive\Desktop\научка\Мира 19.06.2024 обработанная\1\0\tif\1_819.tiff,819,0.0
C:\Users\xxdew\OneDrive\Desktop\научка\Мира 19.06.2024 обработанная\1\afterfokus\1_819.tiff,819,1.0
C:\Users\xxdew\OneDrive\Desktop\научка\Мира 19.06.2024 обработанная\1\+10\tif\1_819.tiff,819,10.0
C:\Users\xxdew\OneDrive\Desktop\научка\Мира 19.06.2024 обработанная\1\after+10\1_819.tiff,819,10.0
C:\Users\xxdew\OneDrive\Desktop\научка\Мира 19.06.2024 обработанная\1\+20\tif\1_819.tiff,819,20.0
C:\Users\xxdew\OneDrive\Desktop\научка\Мира 19.06.2024 обработанная\1\after+20\1_819.tiff,819,20.0
C:\Users\xxdew\OneDrive\Desktop\научка\Мира 19.06.2024 обработанная\1\+30\tif\1_819.tiff,819,30.0
C:\Users\xxdew\OneDrive\Desktop\научка\Мира 19.06.2024 обработанная\1\after+30\1_819.tiff,819,30.0
C:\Users\xxdew\OneDrive\Desktop\научка\Мира 19.06.2024 обработанная\1\+40\tif\1_819.tiff,819,40.0
C:\Users\xxdew\OneDrive\Desktop\научка\Мира 19.06.2024 обработанная\1\after+40\1_819.tiff,819,40.0
C:\Users\xxdew\OneDrive\Desktop\научка\Мира 19.06.2024 обработанная\1\+50\tif\1_819.tiff,819,50.0
C:\Users\xxdew\OneDrive\Desktop\научка\Мира 19.06.2024 обработанная\1\after+50\1_819.tiff,819,50.0
C:\Users\xxdew\OneDrive\Desktop\научка\Мира 19.06.2024 обработанная\1\+60\tif\1_819.tiff,819,60.0
C:\Users\xxdew\OneDrive\Desktop\научка\Мира 19.06.2024 обработанная\1\after+60\1_819.tiff,819,60.0
C:\Users\xxdew\OneDrive\Desktop\научка\Мира 19.06.2024 обработанная\1\+70\tif\1_819.tiff,819,70.0
C:\Users\xxdew\OneDrive\Desktop\научка\Мира 19.06.2024 обработанная\1\after+70\1_819.tiff,819,70.0
C:\Users\xxdew\OneDrive\Desktop\научка\Мира 19.06.2024 обработанная\1\+80\tif\1_819.tiff,819,80.0
C:\Users\xxdew\OneDrive\Desktop\научка\Мира 19.06.2024 обработанная\1\after+80\1_819.tiff,819,80.0
C:\Users\xxdew\OneDrive\Desktop\научка\Мира 19.06.2024 обработанная\1\-110\tif\1_834.tiff,834,-110.0
C:\Users\xxdew\OneDrive\Desktop\научка\Мира 19.06.2024 обработанная\1\after-110\1_834.tiff,834,-110.0
C:\Users\xxdew\OneDrive\Desktop\научка\Мира 19.06.2024 обработанная\1\-100\tif\1_834.tiff,834,-100.0
C:\Users\xxdew\OneDrive\Desktop\научка\Мира 19.06.2024 обработанная\1\after-100\1_834.tiff,834,-100.0
C:\Users\xxdew\OneDrive\Desktop\научка\Мира 19.06.2024 обработанная\1\-90\tif\1_834.tiff,834,-90.0
C:\Users\xxdew\OneDrive\Desktop\научка\Мира 19.06.2024 обработанная\1\after-90\1_834.tiff,834,-90.0
C:\Users\xxdew\OneDrive\Desktop\научка\Мира 19.06.2024 обработанная\1\-80\tif\1_834.tiff,834,-80.0
C:\Users\xxdew\OneDrive\Desktop\научка\Мира 19.06.2024 обработанная\1\after-80\1_834.tiff,834,-80.0
C:\Users\xxdew\OneDrive\Desktop\научка\Мира 19.06.2024 обработанная\1\-70\tif\1_834.tiff,834,-70.0
C:\Users\xxdew\OneDrive\Desktop\научка\Мира 19.06.2024 обработанная\1\after-70\1_834.tiff,834,-70.0
C:\Users\xxdew\OneDrive\Desktop\научка\Мира 19.06.2024 обработанная\1\-60\tif\1_834.tiff,834,-60.0
C:\Users\xxdew\OneDrive\Desktop\научка\Мира 19.06.2024 обработанная\1\after-60\1_834.tiff,834,-60.0
C:\Users\xxdew\OneDrive\Desktop\научка\Мира 19.06.2024 обработанная\1\-50\tif\1_834.tiff,834,-50.0
C:\Users\xxdew\OneDrive\Desktop\научка\Мира 19.06.2024 обработанная\1\after-50\1_834.tiff,834,-50.0
C:\Users\xxdew\OneDrive\Desktop\научка\Мира 19.06.2024 обработанная\1\-40\tif\1_834.tiff,834,-40.0
C:\Users\xxdew\OneDrive\Desktop\научка\Мира 19.06.2024 обработанная\1\after-40\1_834.tiff,834,-40.0
C:\Users\xxdew\OneDrive\Desktop\научка\Мира 19.06.2024 обработанная\1\-30\tif\1_834.tiff,834,-30.0
C:\Users\xxdew\OneDrive\Desktop\научка\Мира 19.06.2024 обработанная\1\after-30\1_834.tiff,834,-30.0
C:\Users\xxdew\OneDrive\Desktop\научка\Мира 19.06.2024 обработанная\1\-20\tif\1_834.tiff,834,-20.0
C:\Users\xxdew\OneDrive\Desktop\научка\Мира 19.06.2024 обработанная\1\after-20\1_834.tiff,834,-20.0
C:\Users\xxdew\OneDrive\Desktop\научка\Мира 19.06.2024 обработанная\1\-10\tif\1_834.tiff,834,-10.0
C:\Users\xxdew\OneDrive\Desktop\научка\Мира 19.06.2024 обработанная\1\after-10\1_834.tiff,834,-10.0
C:\Users\xxdew\OneDrive\Desktop\научка\Мира 19.06.2024 обработанная\1\0\tif\1_834.tiff,834,0.0
C:\Users\xxdew\OneDrive\Desktop\научка\Мира 19.06.2024 обработанная\1\afterfokus\1_834.tiff,834,1.0
C:\Users\xxdew\OneDrive\Desktop\научка\Мира 19.06.2024 обработанная\1\+10\tif\1_834.tiff,834,10.0
C:\Users\xxdew\OneDrive\Desktop\научка\Мира 19.06.2024 обработанная\1\after+10\1_834.tiff,834,10.0
C:\Users\xxdew\OneDrive\Desktop\научка\Мира 19.06.2024 обработанная\1\+20\tif\1_834.tiff,834,20.0
C:\Users\xxdew\OneDrive\Desktop\научка\Мира 19.06.2024 обработанная\1\after+20\1_834.tiff,834,20.0
C:\Users\xxdew\OneDrive\Desktop\научка\Мира 19.06.2024 обработанная\1\+30\tif\1_834.tiff,834,30.0
C:\Users\xxdew\OneDrive\Desktop\научка\Мира 19.06.2024 обработанная\1\after+30\1_834.tiff,834,30.0
C:\Users\xxdew\OneDrive\Desktop\научка\Мира 19.06.2024 обработанная\1\+40\tif\1_834.tiff,834,40.0
C:\Users\xxdew\OneDrive\Desktop\научка\Мира 19.06.2024 обработанная\1\after+40\1_834.tiff,834,40.0
C:\Users\xxdew\OneDrive\Desktop\научка\Мира 19.06.2024 обработанная\1\+50\tif\1_834.tiff,834,50.0
C:\Users\xxdew\OneDrive\Desktop\научка\Мира 19.06.2024 обработанная\1\after+50\1_834.tiff,834,50.0
C:\Users\xxdew\OneDrive\Desktop\научка\Мира 19.06.2024 обработанная\1\+60\tif\1_834.tiff,834,60.0
C:\Users\xxdew\OneDrive\Desktop\научка\Мира 19.06.2024 обработанная\1\after+60\1_834.tiff,834,60.0
C:\Users\xxdew\OneDrive\Desktop\научка\Мира 19.06.2024 обработанная\1\+70\tif\1_834.tiff,834,70.0
C:\Users\xxdew\OneDrive\Desktop\научка\Мира 19.06.2024 обработанная\1\after+70\1_834.tiff,834,70.0
C:\Users\xxdew\OneDrive\Desktop\научка\Мира 19.06.2024 обработанная\1\+80\tif\1_834.tiff,834,80.0
C:\Users\xxdew\OneDrive\Desktop\научка\Мира 19.06.2024 обработанная\1\after+80\1_834.tiff,834,80.0
C:\Users\xxdew\OneDrive\Desktop\научка\Мира 19.06.2024 обработанная\1\-110\tif\1_850.tiff,850,-110.0
C:\Users\xxdew\OneDrive\Desktop\научка\Мира 19.06.2024 обработанная\1\after-110\1_850.tiff,850,-110.0
C:\Users\xxdew\OneDrive\Desktop\научка\Мира 19.06.2024 обработанная\1\-100\tif\1_850.tiff,850,-100.0
C:\Users\xxdew\OneDrive\Desktop\научка\Мира 19.06.2024 обработанная\1\after-100\1_850.tiff,850,-100.0
C:\Users\xxdew\OneDrive\Desktop\научка\Мира 19.06.2024 обработанная\1\-90\tif\1_850.tiff,850,-90.0
C:\Users\xxdew\OneDrive\Desktop\научка\Мира 19.06.2024 обработанная\1\after-90\1_850.tiff,850,-90.0
C:\Users\xxdew\OneDrive\Desktop\научка\Мира 19.06.2024 обработанная\1\-80\tif\1_850.tiff,850,-80.0
C:\Users\xxdew\OneDrive\Desktop\научка\Мира 19.06.2024 обработанная\1\after-80\1_850.tiff,850,-80.0
C:\Users\xxdew\OneDrive\Desktop\научка\Мира 19.06.2024 обработанная\1\-70\tif\1_850.tiff,850,-70.0
C:\Users\xxdew\OneDrive\Desktop\научка\Мира 19.06.2024 обработанная\1\after-70\1_850.tiff,850,-70.0
C:\Users\xxdew\OneDrive\Desktop\научка\Мира 19.06.2024 обработанная\1\-60\tif\1_850.tiff,850,-60.0
C:\Users\xxdew\OneDrive\Desktop\научка\Мира 19.06.2024 обработанная\1\after-60\1_850.tiff,850,-60.0
C:\Users\xxdew\OneDrive\Desktop\научка\Мира 19.06.2024 обработанная\1\-50\tif\1_850.tiff,850,-50.0
C:\Users\xxdew\OneDrive\Desktop\научка\Мира 19.06.2024 обработанная\1\after-50\1_850.tiff,850,-50.0
C:\Users\xxdew\OneDrive\Desktop\научка\Мира 19.06.2024 обработанная\1\-40\tif\1_850.tiff,850,-40.0
C:\Users\xxdew\OneDrive\Desktop\научка\Мира 19.06.2024 обработанная\1\after-40\1_850.tiff,850,-40.0
C:\Users\xxdew\OneDrive\Desktop\научка\Мира 19.06.2024 обработанная\1\-30\tif\1_850.tiff,850,-30.0
C:\Users\xxdew\OneDrive\Desktop\научка\Мира 19.06.2024 обработанная\1\after-30\1_850.tiff,850,-30.0
C:\Users\xxdew\OneDrive\Desktop\научка\Мира 19.06.2024 обработанная\1\-20\tif\1_850.tiff,850,-20.0
C:\Users\xxdew\OneDrive\Desktop\научка\Мира 19.06.2024 обработанная\1\after-20\1_850.tiff,850,-20.0
C:\Users\xxdew\OneDrive\Desktop\научка\Мира 19.06.2024 обработанная\1\-10\tif\1_850.tiff,850,-10.0
C:\Users\xxdew\OneDrive\Desktop\научка\Мира 19.06.2024 обработанная\1\after-10\1_850.tiff,850,-10.0
C:\Users\xxdew\OneDrive\Desktop\научка\Мира 19.06.2024 обработанная\1\0\tif\1_850.tiff,850,0.0
C:\Users\xxdew\OneDrive\Desktop\научка\Мира 19.06.2024 обработанная\1\afterfokus\1_850.tiff,850,1.0
C:\Users\xxdew\OneDrive\Desktop\научка\Мира 19.06.2024 обработанная\1\+10\tif\1_850.tiff,850,10.0
C:\Users\xxdew\OneDrive\Desktop\научка\Мира 19.06.2024 обработанная\1\after+10\1_850.tiff,850,10.0
C:\Users\xxdew\OneDrive\Desktop\научка\Мира 19.06.2024 обработанная\1\+20\tif\1_850.tiff,850,20.0
C:\Users\xxdew\OneDrive\Desktop\научка\Мира 19.06.2024 обработанная\1\after+20\1_850.tiff,850,20.0
C:\Users\xxdew\OneDrive\Desktop\научка\Мира 19.06.2024 обработанная\1\+30\tif\1_850.tiff,850,30.0
C:\Users\xxdew\OneDrive\Desktop\научка\Мира 19.06.2024 обработанная\1\after+30\1_850.tiff,850,30.0
C:\Users\xxdew\OneDrive\Desktop\научка\Мира 19.06.2024 обработанная\1\+40\tif\1_850.tiff,850,40.0
C:\Users\xxdew\OneDrive\Desktop\научка\Мира 19.06.2024 обработанная\1\after+40\1_850.tiff,850,40.0
C:\Users\xxdew\OneDrive\Desktop\научка\Мира 19.06.2024 обработанная\1\+50\tif\1_850.tiff,850,50.0
C:\Users\xxdew\OneDrive\Desktop\научка\Мира 19.06.2024 обработанная\1\after+50\1_850.tiff,850,50.0
C:\Users\xxdew\OneDrive\Desktop\научка\Мира 19.06.2024 обработанная\1\+60\tif\1_850.tiff,850,60.0
C:\Users\xxdew\OneDrive\Desktop\научка\Мира 19.06.2024 обработанная\1\after+60\1_850.tiff,850,60.0
C:\Users\xxdew\OneDrive\Desktop\научка\Мира 19.06.2024 обработанная\1\+70\tif\1_850.tiff,850,70.0
C:\Users\xxdew\OneDrive\Desktop\научка\Мира 19.06.2024 обработанная\1\after+70\1_850.tiff,850,70.0
C:\Users\xxdew\OneDrive\Desktop\научка\Мира 19.06.2024 обработанная\1\+80\tif\1_850.tiff,850,80.0
C:\Users\xxdew\OneDrive\Desktop\научка\Мира 19.06.2024 обработанная\1\after+80\1_850.tiff,850,80.0
